Workbook

Sheet UTM Registry
A1: Campaign ID | B1: Platform | C1: Market | D1: Funnel Stage | E1: utm_source | F1: utm_medium | G1: utm_campaign | H1: utm_content | I1: utm_term | J1: Full URL | K1: Status | L1: Launch Date
A2: META_IL_A1 | B2: Meta | C2: IL | D2: Awareness | E2: facebook | F2: paid_social | G2: ppv_il_awareness | H2: a1_villa_exterior | J2: ="https://primevilla.ph/?utm_source="&E2&"&utm_medium="&F2&"&utm_campaign="&G2&"&utm_content="&H2&IF(I2<>"","&utm_term="&I2,"") -> https://primevilla.ph/?utm_source=facebook&utm_medium=paid_social&utm_campaign=ppv_il_awareness&utm_content=a1_villa_exterior | K2: PENDING
A3: META_IL_A2 | B3: Meta | C3: IL | D3: Awareness | E3: facebook | F3: paid_social | G3: ppv_il_awareness | H3: a2_features | J3: ="https://primevilla.ph/?utm_source="&E3&"&utm_medium="&F3&"&utm_campaign="&G3&"&utm_content="&H3&IF(I3<>"","&utm_term="&I3,"") -> https://primevilla.ph/?utm_source=facebook&utm_medium=paid_social&utm_campaign=ppv_il_awareness&utm_content=a2_features | K3: PENDING
A4: META_IL_A3 | B4: Meta | C4: IL | D4: Awareness | E4: instagram | F4: paid_social | G4: ppv_il_awareness | H4: a3_reel_price | J4: ="https://primevilla.ph/?utm_source="&E4&"&utm_medium="&F4&"&utm_campaign="&G4&"&utm_content="&H4&IF(I4<>"","&utm_term="&I4,"") -> https://primevilla.ph/?utm_source=instagram&utm_medium=paid_social&utm_campaign=ppv_il_awareness&utm_content=a3_reel_price | K4: PENDING
A5: META_IL_C1 | B5: Meta | C5: IL | D5: Consideration | E5: facebook | F5: paid_social | G5: ppv_il_consideration | H5: c1_investment | J5: ="https://primevilla.ph/?utm_source="&E5&"&utm_medium="&F5&"&utm_campaign="&G5&"&utm_content="&H5&IF(I5<>"","&utm_term="&I5,"") -> https://primevilla.ph/?utm_source=facebook&utm_medium=paid_social&utm_campaign=ppv_il_consideration&utm_content=c1_investment | K5: PENDING
A6: META_IL_C2 | B6: Meta | C6: IL | D6: Consideration | E6: instagram | F6: paid_social | G6: ppv_il_consideration | H6: c2_stories_income | J6: ="https://primevilla.ph/?utm_source="&E6&"&utm_medium="&F6&"&utm_campaign="&G6&"&utm_content="&H6&IF(I6<>"","&utm_term="&I6,"") -> https://primevilla.ph/?utm_source=instagram&utm_medium=paid_social&utm_campaign=ppv_il_consideration&utm_content=c2_stories_income | K6: PENDING
A7: META_IL_Conv1 | B7: Meta | C7: IL | D7: Conversion | E7: facebook | F7: paid_social | G7: ppv_il_conversion | H7: conv1_urgency | J7: ="https://primevilla.ph/?utm_source="&E7&"&utm_medium="&F7&"&utm_campaign="&G7&"&utm_content="&H7&IF(I7<>"","&utm_term="&I7,"") -> https://primevilla.ph/?utm_source=facebook&utm_medium=paid_social&utm_campaign=ppv_il_conversion&utm_content=conv1_urgency | K7: PENDING
A8: META_PH_1A | B8: Meta | C8: PH | D8: Awareness | E8: facebook | F8: paid_social | G8: ppv_ph_awareness | H8: 1a_stop_renting | J8: ="https://primevilla.ph/?utm_source="&E8&"&utm_medium="&F8&"&utm_campaign="&G8&"&utm_content="&H8&IF(I8<>"","&utm_term="&I8,"") -> https://primevilla.ph/?utm_source=facebook&utm_medium=paid_social&utm_campaign=ppv_ph_awareness&utm_content=1a_stop_renting | K8: PENDING
A9: META_PH_1B | B9: Meta | C9: PH | D9: Awareness | E9: instagram | F9: paid_social | G9: ppv_ph_awareness | H9: 1b_reel_income | J9: ="https://primevilla.ph/?utm_source="&E9&"&utm_medium="&F9&"&utm_campaign="&G9&"&utm_content="&H9&IF(I9<>"","&utm_term="&I9,"") -> https://primevilla.ph/?utm_source=instagram&utm_medium=paid_social&utm_campaign=ppv_ph_awareness&utm_content=1b_reel_income | K9: PENDING
A10: META_PH_C1 | B10: Meta | C10: PH | D10: Consideration | E10: facebook | F10: paid_social | G10: ppv_ph_consideration | H10: c1_earn_sleeping | J10: ="https://primevilla.ph/?utm_source="&E10&"&utm_medium="&F10&"&utm_campaign="&G10&"&utm_content="&H10&IF(I10<>"","&utm_term="&I10,"") -> https://primevilla.ph/?utm_source=facebook&utm_medium=paid_social&utm_campaign=ppv_ph_consideration&utm_content=c1_earn_sleeping | K10: PENDING
A11: META_PH_C2 | B11: Meta | C11: PH | D11: Consideration | E11: instagram | F11: paid_social | G11: ppv_ph_consideration | H11: c2_reel_zero_effort | J11: ="https://primevilla.ph/?utm_source="&E11&"&utm_medium="&F11&"&utm_campaign="&G11&"&utm_content="&H11&IF(I11<>"","&utm_term="&I11,"") -> https://primevilla.ph/?utm_source=instagram&utm_medium=paid_social&utm_campaign=ppv_ph_consideration&utm_content=c2_reel_zero_effort | K11: PENDING
A12: META_PH_Conv1 | B12: Meta | C12: PH | D12: Conversion | E12: facebook | F12: paid_social | G12: ppv_ph_conversion | H12: conv1_urgency_ph | J12: ="https://primevilla.ph/?utm_source="&E12&"&utm_medium="&F12&"&utm_campaign="&G12&"&utm_content="&H12&IF(I12<>"","&utm_term="&I12,"") -> https://primevilla.ph/?utm_source=facebook&utm_medium=paid_social&utm_campaign=ppv_ph_conversion&utm_content=conv1_urgency_ph | K12: PENDING
A13: GOOGLE_IL | B13: Google | C13: IL | D13: Search | E13: google | F13: cpc | G13: ppv_il_search | I13: bohol villa investment hebrew | J13: ="https://primevilla.ph/?utm_source="&E13&"&utm_medium="&F13&"&utm_campaign="&G13&"&utm_content="&H13&IF(I13<>"","&utm_term="&I13,"") -> https://primevilla.ph/?utm_source=google&utm_medium=cpc&utm_campaign=ppv_il_search&utm_content=&utm_term=bohol villa investment hebrew | K13: PENDING
A14: GOOGLE_PH | B14: Google | C14: PH | D14: Search | E14: google | F14: cpc | G14: ppv_ph_search | I14: panglao villa buy philippines | J14: ="https://primevilla.ph/?utm_source="&E14&"&utm_medium="&F14&"&utm_campaign="&G14&"&utm_content="&H14&IF(I14<>"","&utm_term="&I14,"") -> https://primevilla.ph/?utm_source=google&utm_medium=cpc&utm_campaign=ppv_ph_search&utm_content=&utm_term=panglao villa buy philippines | K14: PENDING

Sheet Tracking Summary
A1: Metric | B1: Formula/Source | C1: Notes
A2: Total Campaigns | B2: =COUNTA('UTM Registry'!A2:A14) -> 13 | C2: All registered campaigns
A3: IL Campaigns | B3: =COUNTIF('UTM Registry'!C2:C14,"IL") -> 7 | C3: Israel market
A4: PH Campaigns | B4: =COUNTIF('UTM Registry'!C2:C14,"PH") -> 6 | C4: Philippines market
A5: Awareness | B5: =COUNTIF('UTM Registry'!D2:D14,"Awareness") -> 5
A6: Consideration | B6: =COUNTIF('UTM Registry'!D2:D14,"Consideration") -> 4
A7: Conversion | B7: =COUNTIF('UTM Registry'!D2:D14,"Conversion") -> 2
A8: Search | B8: =COUNTIF('UTM Registry'!D2:D14,"Search") -> 2
A9: Active Campaigns | B9: =COUNTIF('UTM Registry'!K2:K14,"ACTIVE") -> 0
A10: Pending Campaigns | B10: =COUNTIF('UTM Registry'!K2:K14,"PENDING") -> 13

Sheet Naming Convention
A1: Parameter | B1: Pattern | C1: Example
A2: utm_source | B2: Platform name (lowercase) | C2: facebook, google, instagram
A3: utm_medium | B3: Channel type | C3: paid_social, cpc, email, whatsapp
A4: utm_campaign | B4: ppv_{market}_{stage} | C4: ppv_il_awareness, ppv_ph_conversion
A5: utm_content | B5: {stage_code}_{descriptor} | C5: a1_villa_exterior, conv1_urgency
A6: utm_term | B6: Keywords (search only) | C6: bohol villa investment hebrew
A7: Campaign ID | B7: {PLATFORM}_{MARKET}_{CODE} | C7: META_IL_A1, GOOGLE_PH
